{".env":[".env"],"assets/google_fonts/Kanit-Black.ttf":["assets/google_fonts/Kanit-Black.ttf"],"assets/google_fonts/Kanit-BlackItalic.ttf":["assets/google_fonts/Kanit-BlackItalic.ttf"],"assets/google_fonts/Kanit-Bold.ttf":["assets/google_fonts/Kanit-Bold.ttf"],"assets/google_fonts/Kanit-BoldItalic.ttf":["assets/google_fonts/Kanit-BoldItalic.ttf"],"assets/google_fonts/Kanit-ExtraBold.ttf":["assets/google_fonts/Kanit-ExtraBold.ttf"],"assets/google_fonts/Kanit-ExtraBoldItalic.ttf":["assets/google_fonts/Kanit-ExtraBoldItalic.ttf"],"assets/google_fonts/Kanit-ExtraLight.ttf":["assets/google_fonts/Kanit-ExtraLight.ttf"],"assets/google_fonts/Kanit-ExtraLightItalic.ttf":["assets/google_fonts/Kanit-ExtraLightItalic.ttf"],"assets/google_fonts/Kanit-Italic.ttf":["assets/google_fonts/Kanit-Italic.ttf"],"assets/google_fonts/Kanit-Light.ttf":["assets/google_fonts/Kanit-Light.ttf"],"assets/google_fonts/Kanit-LightItalic.ttf":["assets/google_fonts/Kanit-LightItalic.ttf"],"assets/google_fonts/Kanit-Medium.ttf":["assets/google_fonts/Kanit-Medium.ttf"],"assets/google_fonts/Kanit-MediumItalic.ttf":["assets/google_fonts/Kanit-MediumItalic.ttf"],"assets/google_fonts/Kanit-Regular.ttf":["assets/google_fonts/Kanit-Regular.ttf"],"assets/google_fonts/Kanit-SemiBold.ttf":["assets/google_fonts/Kanit-SemiBold.ttf"],"assets/google_fonts/Kanit-SemiBoldItalic.ttf":["assets/google_fonts/Kanit-SemiBoldItalic.ttf"],"assets/google_fonts/Kanit-Thin.ttf":["assets/google_fonts/Kanit-Thin.ttf"],"assets/google_fonts/Kanit-ThinItalic.ttf":["assets/google_fonts/Kanit-ThinItalic.ttf"],"assets/images/placeholder.jpeg":["assets/images/placeholder.jpeg"],"assets/images/placeholder.png":["assets/images/placeholder.png"],"assets/lotties/energy_rocket.json":["assets/lotties/energy_rocket.json"],"assets/lotties/rocket_space.json":["assets/lotties/rocket_space.json"],"packages/alchemist/assets/fonts/Roboto/Roboto-Black.ttf":["packages/alchemist/assets/fonts/Roboto/Roboto-Black.ttf"],"packages/alchemist/assets/fonts/Roboto/Roboto-Bold.ttf":["packages/alchemist/assets/fonts/Roboto/Roboto-Bold.ttf"],"packages/alchemist/assets/fonts/Roboto/Roboto-Light.ttf":["packages/alchemist/assets/fonts/Roboto/Roboto-Light.ttf"],"packages/alchemist/assets/fonts/Roboto/Roboto-Medium.ttf":["packages/alchemist/assets/fonts/Roboto/Roboto-Medium.ttf"],"packages/alchemist/assets/fonts/Roboto/Roboto-Regular.ttf":["packages/alchemist/assets/fonts/Roboto/Roboto-Regular.ttf"],"packages/alchemist/assets/fonts/Roboto/Roboto-Thin.ttf":["packages/alchemist/assets/fonts/Roboto/Roboto-Thin.ttf"],"packages/cupertino_icons/assets/CupertinoIcons.ttf":["packages/cupertino_icons/assets/CupertinoIcons.ttf"],"packages/golden_toolkit/fonts/Roboto-Regular.ttf":["packages/golden_toolkit/fonts/Roboto-Regular.ttf"],"packages/widgetbook/google_fonts/Nunito-Black.ttf":["packages/widgetbook/google_fonts/Nunito-Black.ttf"],"packages/widgetbook/google_fonts/Nunito-BlackItalic.ttf":["packages/widgetbook/google_fonts/Nunito-BlackItalic.ttf"],"packages/widgetbook/google_fonts/Nunito-Bold.ttf":["packages/widgetbook/google_fonts/Nunito-Bold.ttf"],"packages/widgetbook/google_fonts/Nunito-BoldItalic.ttf":["packages/widgetbook/google_fonts/Nunito-BoldItalic.ttf"],"packages/widgetbook/google_fonts/Nunito-ExtraBold.ttf":["packages/widgetbook/google_fonts/Nunito-ExtraBold.ttf"],"packages/widgetbook/google_fonts/Nunito-ExtraBoldItalic.ttf":["packages/widgetbook/google_fonts/Nunito-ExtraBoldItalic.ttf"],"packages/widgetbook/google_fonts/Nunito-ExtraLight.ttf":["packages/widgetbook/google_fonts/Nunito-ExtraLight.ttf"],"packages/widgetbook/google_fonts/Nunito-ExtraLightItalic.ttf":["packages/widgetbook/google_fonts/Nunito-ExtraLightItalic.ttf"],"packages/widgetbook/google_fonts/Nunito-Italic.ttf":["packages/widgetbook/google_fonts/Nunito-Italic.ttf"],"packages/widgetbook/google_fonts/Nunito-Light.ttf":["packages/widgetbook/google_fonts/Nunito-Light.ttf"],"packages/widgetbook/google_fonts/Nunito-LightItalic.ttf":["packages/widgetbook/google_fonts/Nunito-LightItalic.ttf"],"packages/widgetbook/google_fonts/Nunito-Regular.ttf":["packages/widgetbook/google_fonts/Nunito-Regular.ttf"],"packages/widgetbook/google_fonts/Nunito-SemiBold.ttf":["packages/widgetbook/google_fonts/Nunito-SemiBold.ttf"],"packages/widgetbook/google_fonts/Nunito-SemiBoldItalic.ttf":["packages/widgetbook/google_fonts/Nunito-SemiBoldItalic.ttf"],"packages/widgetbook/google_fonts/OFL.txt":["packages/widgetbook/google_fonts/OFL.txt"]}