[{"family":"MaterialIcons","fonts":[{"asset":"fonts/MaterialIcons-Regular.otf"}]},{"family":"packages/alchemist/Roboto","fonts":[{"weight":100,"asset":"packages/alchemist/assets/fonts/Roboto/Roboto-Thin.ttf"},{"weight":300,"asset":"packages/alchemist/assets/fonts/Roboto/Roboto-Light.ttf"},{"weight":400,"asset":"packages/alchemist/assets/fonts/Roboto/Roboto-Regular.ttf"},{"weight":500,"asset":"packages/alchemist/assets/fonts/Roboto/Roboto-Medium.ttf"},{"weight":700,"asset":"packages/alchemist/assets/fonts/Roboto/Roboto-Bold.ttf"},{"weight":900,"asset":"packages/alchemist/assets/fonts/Roboto/Roboto-Black.ttf"}]},{"family":"packages/cupertino_icons/CupertinoIcons","fonts":[{"asset":"packages/cupertino_icons/assets/CupertinoIcons.ttf"}]},{"family":"packages/golden_toolkit/Roboto","fonts":[{"asset":"packages/golden_toolkit/fonts/Roboto-Regular.ttf"}]},{"family":"packages/widgetbook/Nunito","fonts":[{"asset":"packages/widgetbook/google_fonts/Nunito-Black.ttf"},{"asset":"packages/widgetbook/google_fonts/Nunito-BlackItalic.ttf"},{"asset":"packages/widgetbook/google_fonts/Nunito-Bold.ttf"},{"asset":"packages/widgetbook/google_fonts/Nunito-BoldItalic.ttf"},{"asset":"packages/widgetbook/google_fonts/Nunito-ExtraBold.ttf"},{"asset":"packages/widgetbook/google_fonts/Nunito-ExtraBoldItalic.ttf"},{"asset":"packages/widgetbook/google_fonts/Nunito-ExtraLight.ttf"},{"asset":"packages/widgetbook/google_fonts/Nunito-ExtraLightItalic.ttf"},{"asset":"packages/widgetbook/google_fonts/Nunito-Italic.ttf"},{"asset":"packages/widgetbook/google_fonts/Nunito-Light.ttf"},{"asset":"packages/widgetbook/google_fonts/Nunito-LightItalic.ttf"},{"asset":"packages/widgetbook/google_fonts/Nunito-Regular.ttf"},{"asset":"packages/widgetbook/google_fonts/Nunito-SemiBold.ttf"},{"asset":"packages/widgetbook/google_fonts/Nunito-SemiBoldItalic.ttf"}]}]